-- phpMyAdmin SQL Dump
-- version 5.1.3
-- https://www.phpmyadmin.net/
--
-- Servidor: localhost:3306
-- Tiempo de generación: 15-12-2022 a las 11:05:14
-- Versión del servidor: 5.5.68-MariaDB
-- Versión de PHP: 7.4.32

SET SQL_MODE = "NO_AUTO_VALUE_ON_ZERO";
START TRANSACTION;
SET time_zone = "+00:00";


/*!40101 SET @OLD_CHARACTER_SET_CLIENT=@@CHARACTER_SET_CLIENT */;
/*!40101 SET @OLD_CHARACTER_SET_RESULTS=@@CHARACTER_SET_RESULTS */;
/*!40101 SET @OLD_COLLATION_CONNECTION=@@COLLATION_CONNECTION */;
/*!40101 SET NAMES utf8mb4 */;

--
-- Base de datos: `admin_sektor_db`
--

-- --------------------------------------------------------

--
-- Estructura de tabla para la tabla `admins`
--

CREATE TABLE `admins` (
  `id` bigint(20) UNSIGNED NOT NULL,
  `user` varchar(255) COLLATE utf8mb4_unicode_ci NOT NULL,
  `email` varchar(255) COLLATE utf8mb4_unicode_ci DEFAULT NULL,
  `password` varchar(255) COLLATE utf8mb4_unicode_ci NOT NULL,
  `role` tinyint(4) NOT NULL,
  `menu_display` tinyint(1) DEFAULT NULL,
  `activo` tinyint(1) NOT NULL DEFAULT '1',
  `remember_token` varchar(100) COLLATE utf8mb4_unicode_ci DEFAULT NULL,
  `created_at` timestamp NULL DEFAULT NULL,
  `updated_at` timestamp NULL DEFAULT NULL
) ENGINE=InnoDB DEFAULT CHARSET=utf8mb4 COLLATE=utf8mb4_unicode_ci;

--
-- Volcado de datos para la tabla `admins`
--

INSERT INTO `admins` (`id`, `user`, `email`, `password`, `role`, `menu_display`, `activo`, `remember_token`, `created_at`, `updated_at`) VALUES
(1, 'admin', 'admin@wozial.com', '$2a$10$4RkbKKmavc66IzEvXM6Ek.gH9H.aqsX9F4HWL75ts0ydOChZWvSKy', 1, 1, 1, '7bcbWneSubNyaE2pGrIcVCozYm8yAXH4dmNiQyaBOYKJuQxNGFQQdNWIMgQU', '2020-10-14 23:24:37', '2020-10-14 23:24:37');

-- --------------------------------------------------------

--
-- Estructura de tabla para la tabla `carrusels`
--

CREATE TABLE `carrusels` (
  `id` bigint(20) UNSIGNED NOT NULL,
  `titulo` varchar(255) COLLATE utf8mb4_unicode_ci DEFAULT NULL,
  `subtitulo` varchar(255) COLLATE utf8mb4_unicode_ci DEFAULT NULL,
  `image` varchar(255) COLLATE utf8mb4_unicode_ci DEFAULT NULL,
  `url` varchar(255) COLLATE utf8mb4_unicode_ci DEFAULT NULL,
  `video` varchar(255) COLLATE utf8mb4_unicode_ci DEFAULT NULL,
  `orden` int(11) NOT NULL DEFAULT '666'
) ENGINE=InnoDB DEFAULT CHARSET=utf8mb4 COLLATE=utf8mb4_unicode_ci;

--
-- Volcado de datos para la tabla `carrusels`
--

INSERT INTO `carrusels` (`id`, `titulo`, `subtitulo`, `image`, `url`, `video`, `orden`) VALUES
(3, NULL, NULL, '0jAcePKvAJNI5EFoIBkK2qwfvUcn9o.jpg', NULL, NULL, 13),
(20, NULL, NULL, 'DDgpC337KkEdhwKWyOeOs38n2UAfDI.jpg', NULL, NULL, 1),
(21, NULL, NULL, 'nxIsKMKwxuYr1VvoQfdvVP3dd4odSO.jpg', NULL, NULL, 11),
(22, NULL, NULL, 'jEJGrG9uL528X1WIc48YDcpKA84wfH.jpg', NULL, NULL, 7),
(23, NULL, NULL, 'FNDudXjjW6ttl7oKiDKHXJMHune8zn.jpg', NULL, NULL, 6),
(26, NULL, NULL, 'BtKIGsTIsfun3dE9J3w2ySQixmMhuq.jpg', NULL, NULL, 12),
(27, NULL, NULL, 'DdhoTTR3XF4X86b2xhq2zjiEOBsIEL.jpg', NULL, NULL, 10),
(28, NULL, NULL, 'LzGPME0sAI8WxnfFlpHvaPV7hC6EHt.jpg', NULL, NULL, 0),
(29, NULL, NULL, '65GySGByw7v10eWxveTEgsnMZ32879.jpg', NULL, NULL, 3),
(30, NULL, NULL, 'A3MyLsvZRd4RB1JI4jcPRJyLfkA95y.jpg', NULL, NULL, 4),
(31, NULL, NULL, 'naUwApZyzCgDCbM72eOUUBSYfx42l3.jpg', NULL, NULL, 2),
(32, NULL, NULL, '2t6FMflHrUtmrSSEIrkUGhd8dt0BLd.jpg', NULL, NULL, 5),
(35, NULL, NULL, 'PXkFO6vRwMfDvJeY4NxHZckAXVarbN.png', NULL, NULL, 0),
(37, NULL, NULL, 'ScZZfJXdbmQ0De67h3gmwwSHWTQm4h.png', NULL, NULL, 6),
(39, NULL, NULL, 'Kbu9Oolrpwjzry7PCytuqQzfqY5bHU.png', NULL, NULL, 1),
(40, NULL, NULL, '4NDnSgSm8ZsLN7DxXAQ6TEtyeVr9k2.png', NULL, NULL, 4),
(41, NULL, NULL, 'aBc4Gn9XOC4vwKxob3vskEo7v6aQlM.png', NULL, NULL, 2),
(42, NULL, NULL, '2REJC23RKVXgHsJRaOiVRSRfgVKbKU.png', NULL, NULL, 5);

-- --------------------------------------------------------

--
-- Estructura de tabla para la tabla `categorias`
--

CREATE TABLE `categorias` (
  `id` bigint(20) UNSIGNED NOT NULL,
  `nombre` varchar(255) COLLATE utf8mb4_unicode_ci NOT NULL,
  `slug` varchar(255) COLLATE utf8mb4_unicode_ci DEFAULT NULL,
  `parent` int(11) NOT NULL DEFAULT '0',
  `activo` tinyint(1) NOT NULL DEFAULT '1',
  `orden` int(11) NOT NULL DEFAULT '666'
) ENGINE=InnoDB DEFAULT CHARSET=utf8mb4 COLLATE=utf8mb4_unicode_ci;

--
-- Volcado de datos para la tabla `categorias`
--

INSERT INTO `categorias` (`id`, `nombre`, `slug`, `parent`, `activo`, `orden`) VALUES
(1, 'Fianzas', 'fianzas', 0, 1, 666),
(2, 'Seguros', 'seguros', 0, 1, 666);

-- --------------------------------------------------------

--
-- Estructura de tabla para la tabla `configuracions`
--

CREATE TABLE `configuracions` (
  `id` bigint(20) UNSIGNED NOT NULL,
  `title` varchar(255) COLLATE utf8mb4_unicode_ci DEFAULT NULL,
  `description` varchar(255) COLLATE utf8mb4_unicode_ci DEFAULT NULL,
  `prodspag` varchar(255) COLLATE utf8mb4_unicode_ci DEFAULT NULL,
  `paypalemail` varchar(255) COLLATE utf8mb4_unicode_ci DEFAULT NULL,
  `destinatario` varchar(255) COLLATE utf8mb4_unicode_ci DEFAULT NULL,
  `destinatario2` varchar(255) COLLATE utf8mb4_unicode_ci DEFAULT NULL,
  `remitente` varchar(255) COLLATE utf8mb4_unicode_ci DEFAULT NULL,
  `remitentepass` varchar(255) COLLATE utf8mb4_unicode_ci DEFAULT NULL,
  `remitentehost` varchar(255) COLLATE utf8mb4_unicode_ci DEFAULT NULL,
  `remitenteport` varchar(6) COLLATE utf8mb4_unicode_ci DEFAULT NULL,
  `remitenteseguridad` varchar(255) COLLATE utf8mb4_unicode_ci DEFAULT NULL,
  `telefono` varchar(255) COLLATE utf8mb4_unicode_ci DEFAULT NULL,
  `whatsapp` varchar(255) COLLATE utf8mb4_unicode_ci DEFAULT NULL,
  `whatsapp2` varchar(255) COLLATE utf8mb4_unicode_ci DEFAULT NULL,
  `facebook` varchar(255) COLLATE utf8mb4_unicode_ci DEFAULT NULL,
  `instagram` varchar(255) COLLATE utf8mb4_unicode_ci DEFAULT NULL,
  `youtube` varchar(255) COLLATE utf8mb4_unicode_ci DEFAULT NULL,
  `linkedin` varchar(255) COLLATE utf8mb4_unicode_ci DEFAULT NULL,
  `envio` varchar(255) COLLATE utf8mb4_unicode_ci DEFAULT NULL,
  `envioglobal` varchar(255) COLLATE utf8mb4_unicode_ci DEFAULT NULL,
  `iva` varchar(255) COLLATE utf8mb4_unicode_ci DEFAULT NULL,
  `incremento` varchar(255) COLLATE utf8mb4_unicode_ci DEFAULT NULL,
  `mapa` text COLLATE utf8mb4_unicode_ci,
  `direccion` text COLLATE utf8mb4_unicode_ci,
  `created_at` timestamp NULL DEFAULT NULL,
  `updated_at` timestamp NULL DEFAULT NULL
) ENGINE=InnoDB DEFAULT CHARSET=utf8mb4 COLLATE=utf8mb4_unicode_ci;

--
-- Volcado de datos para la tabla `configuracions`
--

INSERT INTO `configuracions` (`id`, `title`, `description`, `prodspag`, `paypalemail`, `destinatario`, `destinatario2`, `remitente`, `remitentepass`, `remitentehost`, `remitenteport`, `remitenteseguridad`, `telefono`, `whatsapp`, `whatsapp2`, `facebook`, `instagram`, `youtube`, `linkedin`, `envio`, `envioglobal`, `iva`, `incremento`, `mapa`, `direccion`, `created_at`, `updated_at`) VALUES
(1, 'seguridad privada', 'SEKTOR seguridad', NULL, NULL, 'info@sektor.com.mx', 'jortiz@sektor.com.mx', 'alexis@wozial.com', '2P2lYvtSAZX9', 'mail.wozial.com', '465', NULL, '3331884040, 3331883180', '3318940000', '', 'https://www.facebook.com/sektoralarmas', '', NULL, NULL, NULL, NULL, NULL, NULL, '<iframe src=\"https://www.google.com/maps/embed?pb=!1m18!1m12!1m3!1d3732.84572216016!2d-103.3837752!3d20.675854700000002!2m3!1f0!2f0!3f0!3m2!1i1024!2i768!4f13.1!3m3!1m2!1s0x8428ae6d6d5fd08d%3A0x439d71abb16f0dda!2sSektor!5e0!3m2!1ses-419!2smx!4v1668797393100!5m2!1ses-419!2smx\" width=\"600\" height=\"450\" style=\"border:0;\" allowfullscreen=\"\" loading=\"lazy\" referrerpolicy=\"no-referrer-when-downgrade\"></iframe>', '', NULL, '2022-11-19 00:50:02');

-- --------------------------------------------------------

--
-- Estructura de tabla para la tabla `domicilios`
--

CREATE TABLE `domicilios` (
  `id` bigint(20) UNSIGNED NOT NULL,
  `alias` varchar(255) COLLATE utf8mb4_unicode_ci NOT NULL,
  `calle` varchar(255) COLLATE utf8mb4_unicode_ci NOT NULL,
  `numext` varchar(255) COLLATE utf8mb4_unicode_ci NOT NULL,
  `numint` varchar(255) COLLATE utf8mb4_unicode_ci DEFAULT NULL,
  `entrecalles` varchar(255) COLLATE utf8mb4_unicode_ci DEFAULT NULL,
  `colonia` varchar(255) COLLATE utf8mb4_unicode_ci NOT NULL,
  `cp` varchar(255) COLLATE utf8mb4_unicode_ci NOT NULL,
  `municipio` varchar(255) COLLATE utf8mb4_unicode_ci NOT NULL,
  `estado` varchar(255) COLLATE utf8mb4_unicode_ci NOT NULL,
  `estado_code` varchar(255) COLLATE utf8mb4_unicode_ci NOT NULL,
  `pais` varchar(255) COLLATE utf8mb4_unicode_ci DEFAULT 'Mexico',
  `favorito` tinyint(1) DEFAULT NULL,
  `user` bigint(20) UNSIGNED NOT NULL,
  `created_at` timestamp NULL DEFAULT NULL,
  `updated_at` timestamp NULL DEFAULT NULL
) ENGINE=InnoDB DEFAULT CHARSET=utf8mb4 COLLATE=utf8mb4_unicode_ci;

-- --------------------------------------------------------

--
-- Estructura de tabla para la tabla `elementos`
--

CREATE TABLE `elementos` (
  `id` bigint(20) UNSIGNED NOT NULL,
  `elemento` varchar(255) COLLATE utf8mb4_unicode_ci NOT NULL,
  `texto` text COLLATE utf8mb4_unicode_ci,
  `imagen` varchar(255) COLLATE utf8mb4_unicode_ci DEFAULT NULL,
  `url` varchar(255) COLLATE utf8mb4_unicode_ci DEFAULT NULL,
  `contenido` tinyint(1) NOT NULL DEFAULT '0',
  `activo` tinyint(1) NOT NULL DEFAULT '1',
  `orden` int(11) NOT NULL DEFAULT '666',
  `seccion` bigint(20) UNSIGNED NOT NULL
) ENGINE=InnoDB DEFAULT CHARSET=utf8mb4 COLLATE=utf8mb4_unicode_ci;

--
-- Volcado de datos para la tabla `elementos`
--

INSERT INTO `elementos` (`id`, `elemento`, `texto`, `imagen`, `url`, `contenido`, `activo`, `orden`, `seccion`) VALUES
(1, 'Seguridad privada', '<p style=\"text-align: justify;\">Para nosotros prestar servicios de Seguridad es apasionante, consideramos siempre estar en contacto cercano con nuestros clientes, hablar de an&aacute;lisis de riesgos en cada servicio, la implementaci&oacute;n de soluciones con la m&aacute;s alta tecnolog&iacute;a, formaci&oacute;n espec&iacute;fica para cada puesto y servicio brindado, capacitaci&oacute;n continua y respuesta oportuna mediante nuestros servicios de supervisi&oacute;n, son algunas de las caracter&iacute;sticas de nuestra atenci&oacute;n.</p>', NULL, NULL, 0, 1, 666, 1),
(2, 'Portada principal', NULL, 'usUvfZqfExmpaaAofPIiukDLUJviLD.jpg', NULL, 1, 1, 666, 1),
(3, 'Servicio integral', '<div style=\"text-align: center;\">Nuestra estrategia esta enfocada en ser diferentes a nuestra competencia y ofrecer a nuestros clientes valor agregado en todas nuestras soluciones de seguridad.</div>', NULL, NULL, 0, 1, 666, 1),
(4, 'Titulo contacto', '<div>\r\n<div>\r\n<div>&nbsp;SOLICITA TU COTIZACION</div>\r\n</div>\r\n</div>', NULL, NULL, 0, 1, 666, 1),
(5, 'Productos disponibles', '<div style=\"text-align: left;\">\r\n<p style=\"text-align: justify;\">Por nuestra experiencia en el ramo de la seguridad diversos clientes de la industrias y empresarios conf&iacute;an en Sektor para brindar el servicio dentro de sus plantas industriales y corporaciones, ayudando a cuidar su patrimonio, sus mercanc&iacute;a y la integridad f&iacute;sica de sus empleados.</p>\r\n</div>', NULL, NULL, 0, 1, 666, 1),
(6, 'productos disponible', NULL, 'Xoyl45a5o5pYlL36DDtWVvMzl9LyFW.jpg', NULL, 1, 1, 666, 1),
(7, 'Soluciones', '<div style=\"text-align: justify;\">En Sektor Contamos con la m&aacute;s amplia gama de soluciones en seguridad electr&oacute;nica, manejando las marcas m&aacute;s reconocidas del mercado de la seguridad y manteni&eacute;ndonos siempre a la vanguardia, cont&aacute;ctanos para encontrar soluci&oacute;n a tus necesidades en seguridad, haremos el traje a la medida para tu casa o negocio.</div>', NULL, NULL, 0, 1, 666, 3),
(8, 'Carta solucion 1 - titulo', '<div>Alarmas de Intrusion y Automatizacion</div>', NULL, NULL, 0, 1, 666, 3),
(9, 'Carta solucion 1 - descripcion', '<div style=\"text-align: justify;\">Protege tu Patrimonio con Sektor, tenemos todo lo necesario para proteger tu casa o negocio, con m&aacute;s de 15 a&ntilde;os de experiencia en la instalaci&oacute;n y mantenimiento de equipos de alarma somos tu mejor opci&oacute;n</div>', NULL, NULL, 0, 1, 666, 3),
(10, 'Carta solucion 1', NULL, 'LVgyI0sfkLb2kDuOnaphGCOmCFwQ3x.jpg', NULL, 1, 1, 666, 3),
(11, 'Carta solucion 2 - titulo', '<div>\r\n<div>\r\n<div>Sistemas de video vigilancia</div>\r\n</div>\r\n</div>', NULL, NULL, 0, 1, 666, 3),
(12, 'Carta solucion 2 - descripcion', '<div style=\"text-align: justify;\">En Sektor nos respaldan las mejores marcas del mercado de la video vigilancia, contamos con una amplia variedad de equipos con las caracteristicas necesarias para cubrir tus necesidades</div>', NULL, NULL, 0, 1, 666, 3),
(13, 'Carta solucion 2', NULL, 'n355nXKVS9z33aBqdCAkIP0iTw1opv.jpg', NULL, 1, 1, 666, 3),
(14, 'Carta solucion 3 - titulo', '<div>Control de accesos</div>', NULL, NULL, 0, 1, 666, 3),
(15, 'Carta solucion 3 - descripcion', '<div style=\"text-align: justify;\">No permitas que personas no autorizadas ingresen en areas restrigidas, contactanos para brindarte una asesoria a la medida para proteger tu negocio</div>', NULL, NULL, 0, 1, 666, 3),
(16, 'Carta solucion 3', NULL, 'm3iED9RstQIZfwTvj2IkzWPqxnm0vv.jpg', NULL, 1, 1, 666, 3),
(17, 'Carta solucion 4 - titulo', '<div>Geolocalizacion - GPS</div>', NULL, NULL, 0, 1, 666, 3),
(18, 'Carta solucion 4 - descripcion', '<div style=\"text-align: justify;\">No pierdas de vista y controla el movimiento de tus Activos en todo momento, con la tecnolog&iacute;a m&aacute;s avanzada, Inmovilizaci&oacute;n a distancia, bot&oacute;n de p&aacute;nico en caso de emergencia, llamada silenciosa, plataforma y monitoreo 24/7, son solo algunas de las caracter&iacute;sticas de nuestros sistemas.</div>', NULL, NULL, 0, 1, 666, 3),
(19, 'Carta solucion 4', NULL, 'KTlRLfFGoaRMUJuDrQFIkk8JzqdGq5.jpg', NULL, 1, 1, 666, 3),
(20, 'Carta solucion 5 - titulo', '<div>Alarmas contra incendio</div>', NULL, NULL, 0, 1, 666, 3),
(21, 'Carta solucion 5 - descripcion', '<div style=\"text-align: justify;\">En Sektor protegemos todo lo que m&aacute;s te importa, no permitas que ning&uacute;n riesgo se materialice y protege tu patrimonio con el sistema de detecci&oacute;n temprana y alarma contra incendio, un sistema de principal importancia para proteger a las personas en industrias, las mejores marcas nos respaldan.</div>', NULL, NULL, 0, 1, 666, 3),
(22, 'Carta solucion 5', NULL, 'fZD4RalPbpvZgW4gDPOo4Nzu4RDiQV.jpg', NULL, 1, 1, 666, 3),
(23, 'Carta solucion 6 - titulo', '<div>Y MUCHO MAS...</div>', NULL, NULL, 0, 1, 666, 3),
(24, 'Carta solucion 6 - descripcion', '<ul>\r\n<li style=\"text-align: justify;\">Casa Inteligente&nbsp;</li>\r\n<li style=\"text-align: justify;\">Arco detector de Metal</li>\r\n<li style=\"text-align: justify;\">Drones</li>\r\n<li style=\"text-align: justify;\">Software</li>\r\n<li style=\"text-align: justify;\">Se&ntilde;alizaci&oacute;n audiovisual</li>\r\n<li style=\"text-align: justify;\">Video portero</li>\r\n<li style=\"text-align: justify;\">Control de Asistencia&nbsp;</li>\r\n<li style=\"text-align: justify;\">Respaldo de Energ&iacute;a (UPS)</li>\r\n<li style=\"text-align: justify;\">Entre muchos mas...</li>\r\n</ul>', NULL, NULL, 0, 1, 666, 3),
(25, 'Carta solucion 6', NULL, 'HAFiZ8b6svKE44FoEHK8KvkJz1OVlL.jpg', NULL, 1, 1, 666, 3),
(26, 'Carta solucion 7 - titulo', NULL, NULL, NULL, 0, 1, 666, 3),
(27, 'Carta solucion 7 - descripcion', NULL, NULL, NULL, 0, 1, 666, 3),
(28, 'Carta solucion 7', NULL, NULL, NULL, 1, 1, 666, 3),
(29, 'Carta solucion 8 - titulo', NULL, NULL, NULL, 0, 1, 666, 3),
(30, 'Carta solucion 8 - descripcion', NULL, NULL, NULL, 0, 1, 666, 3),
(31, 'Carta solucion 8', NULL, NULL, NULL, 1, 1, 666, 3),
(32, 'Carta solucion 9 - titulo', NULL, NULL, NULL, 0, 1, 666, 3),
(33, 'Carta solucion 9 - descripcion', NULL, NULL, NULL, 0, 1, 666, 3),
(34, 'Carta solucion 9', NULL, NULL, NULL, 1, 1, 666, 3),
(35, 'Vacantes disponibles', '<p style=\"text-align: justify;\">&Uacute;nete al equipo de SEKTOR y desarr&oacute;llate como un profesional de la seguridad test</p>', NULL, NULL, 0, 1, 666, 4),
(36, 'Nosotros txt 1', '<div style=\"text-align: justify;\">En Sektor contamos con un amplio rango de especialistas en servicios de seguridad fisica y electronica para satisfacer las necesidades de nuestros clientes.</div>\r\n<div style=\"text-align: justify;\">&nbsp;</div>\r\n<div style=\"text-align: justify;\">Creemos en la mejora continua asi que invertimos fuertemenete en capacitacion y nueva tecnologia para asegurarnos de estar a la vanguardia de nuestra industria.</div>', NULL, NULL, 0, 1, 666, 5),
(37, 'Nostros txt 2', '¿Es posible vivir apasionado por la seguridad? Bueno, asi vivimos en Secktor, nuestro equipo de directores han pasado toda su vida laboral en el ramo de la seguridad y poseen una amplia experiencia en sus respectivas areas. Sektor se establecio en 2005 asi que podemos ofrecer nuestra experiencia e innovacion a nuestros clientes', NULL, NULL, 0, 1, 666, 5),
(38, 'Vision', '<div style=\"text-align: justify;\">&iquest;Es posible vivir apasionado por la seguridad? Bueno, as&iacute; vivimos en Sektor, nuestro equipo de directores han pasado toda su vida laboral en el ramo de la seguridad y poseen una amplia experiencia en sus respectivas &aacute;reas. Sektor se estableci&oacute; en 2005 as&iacute; que podemos ofrecer nuestra experiencia e innovaci&oacute;n a nuestros clientes.</div>', NULL, NULL, 0, 1, 666, 5),
(39, 'Mision', '<div style=\"text-align: justify;\">Estamos enfocados en entender las necesidades de nuestros clientes y satisfacerlas. Nuestra compa&ntilde;&iacute;a ha crecido de forma constante cada a&ntilde;o, pero siempre nos hemos asegurado que los est&aacute;ndares de calidad y servicio se mantengan en todas las cosas que hacemos.</div>', NULL, NULL, 0, 1, 666, 5),
(40, 'Valores', '<div style=\"text-align: justify;\">Sentimos pasi&oacute;n al ayudar a nuestros clientes a proteger de forma eficiente sus casas y negocios con lo mejor en tecnolog&iacute;a, sistemas y el personal mas altamente calificado y entrenado.</div>', NULL, NULL, 0, 1, 666, 5),
(41, 'Certificacion', '<div>En Sektor contamos con un amplio rango de especialistas en servicios de seguridad fisica y electronica para satisfacer las necesidades de nuestros clientes, Creemos en la mejora continua como parte integrar de nuestos procesos, actualmente contamos con la certificacion internacional BASC siendo proveedores seguros de la cadena de suministros por mas de 15 a&ntilde;os.</div>', NULL, NULL, 0, 1, 666, 5),
(42, 'Certificacion carta num', '<div>650</div>', NULL, NULL, 0, 1, 666, 5),
(43, 'Certificacion carta titulo', '<div>CLIENTES ASEGURADOS</div>', NULL, NULL, 0, 1, 666, 5),
(44, 'Certificacion carta texto', '<div style=\"text-align: justify;\">Contamos con un amplio rango de especialistas en servicios de seguridad, te ayudamos a identificar y minimizar riesgos para cubrir tus necesidades en seguridad.</div>', NULL, NULL, 0, 1, 666, 5),
(45, 'Certificacion carta num - 2', '<div>3850</div>', NULL, NULL, 0, 1, 666, 5),
(46, 'Certificacion carta titulo - 2', '<div>CLIENTES MONITOREADOS</div>', NULL, NULL, 0, 1, 666, 5),
(47, 'Certificacion carta texto - 2', '<div style=\"text-align: justify;\">Monitoreo de Alarmas Sektor comprometidos con el servicio a todos nuestros clientes, manteniendo los m&aacute;s altos est&aacute;ndares de seguridad</div>', NULL, NULL, 0, 1, 666, 5),
(48, 'Certificacion carta num - 3', '<div>2000</div>', NULL, NULL, 0, 1, 666, 5),
(49, 'Certificacion carta titulo - 3', '<div>COLABORADORES AL SERVICIO</div>', NULL, NULL, 0, 1, 666, 5),
(50, 'Certificacion carta texto - 3', '<div style=\"text-align: justify;\">Sektor cuenta con personal altamente capacitado y entrenado para cubrir con las necesidades de cada uno de nuestros clientes</div>', NULL, NULL, 0, 1, 666, 5),
(51, 'Portada soluciones', NULL, 'PawdzA9KY5Tbt5H8OwG8TKENNTODpv.jpg', NULL, 1, 1, 666, 3),
(52, 'Portada vacantes', NULL, 'rgYL8RJTa0n24VLmLwQ9pMS9puRDvJ.jpg', NULL, 1, 1, 666, 4),
(53, 'Portada solicita tu cotizacion', NULL, '7C5HueB4Xgi4g3hYdhZ4DVDpxj8k8t.jpg', NULL, 1, 1, 666, 1),
(57, 'Portada nosotros', NULL, '5Hae9ThpEz5WS5xJQVxPnvrIO9QYtG.jpg', NULL, 1, 1, 666, 5),
(58, '', NULL, NULL, NULL, 0, 1, 666, 5);

-- --------------------------------------------------------

--
-- Estructura de tabla para la tabla `facturas`
--

CREATE TABLE `facturas` (
  `id` bigint(20) UNSIGNED NOT NULL,
  `rfc` varchar(255) COLLATE utf8mb4_unicode_ci DEFAULT NULL,
  `mail` varchar(255) COLLATE utf8mb4_unicode_ci DEFAULT NULL,
  `razon_social` varchar(255) COLLATE utf8mb4_unicode_ci DEFAULT NULL,
  `calle` varchar(255) COLLATE utf8mb4_unicode_ci DEFAULT NULL,
  `numext` varchar(255) COLLATE utf8mb4_unicode_ci DEFAULT NULL,
  `numint` varchar(255) COLLATE utf8mb4_unicode_ci DEFAULT NULL,
  `colonia` varchar(255) COLLATE utf8mb4_unicode_ci DEFAULT NULL,
  `cp` varchar(255) COLLATE utf8mb4_unicode_ci DEFAULT NULL,
  `municipio` varchar(255) COLLATE utf8mb4_unicode_ci DEFAULT NULL,
  `estado` varchar(255) COLLATE utf8mb4_unicode_ci DEFAULT NULL,
  `user` bigint(20) UNSIGNED NOT NULL
) ENGINE=InnoDB DEFAULT CHARSET=utf8mb4 COLLATE=utf8mb4_unicode_ci;

-- --------------------------------------------------------

--
-- Estructura de tabla para la tabla `failed_jobs`
--

CREATE TABLE `failed_jobs` (
  `id` bigint(20) UNSIGNED NOT NULL,
  `connection` text COLLATE utf8mb4_unicode_ci NOT NULL,
  `queue` text COLLATE utf8mb4_unicode_ci NOT NULL,
  `payload` longtext COLLATE utf8mb4_unicode_ci NOT NULL,
  `exception` longtext COLLATE utf8mb4_unicode_ci NOT NULL,
  `failed_at` timestamp NOT NULL DEFAULT CURRENT_TIMESTAMP
) ENGINE=InnoDB DEFAULT CHARSET=utf8mb4 COLLATE=utf8mb4_unicode_ci;

-- --------------------------------------------------------

--
-- Estructura de tabla para la tabla `faqs`
--

CREATE TABLE `faqs` (
  `id` bigint(20) UNSIGNED NOT NULL,
  `pregunta` varchar(255) COLLATE utf8mb4_unicode_ci NOT NULL,
  `respuesta` text COLLATE utf8mb4_unicode_ci NOT NULL,
  `orden` int(11) NOT NULL DEFAULT '666',
  `created_at` timestamp NULL DEFAULT NULL,
  `updated_at` timestamp NULL DEFAULT NULL
) ENGINE=InnoDB DEFAULT CHARSET=utf8mb4 COLLATE=utf8mb4_unicode_ci;

-- --------------------------------------------------------

--
-- Estructura de tabla para la tabla `migrations`
--

CREATE TABLE `migrations` (
  `id` int(10) UNSIGNED NOT NULL,
  `migration` varchar(255) COLLATE utf8mb4_unicode_ci NOT NULL,
  `batch` int(11) NOT NULL
) ENGINE=InnoDB DEFAULT CHARSET=utf8mb4 COLLATE=utf8mb4_unicode_ci;

--
-- Volcado de datos para la tabla `migrations`
--

INSERT INTO `migrations` (`id`, `migration`, `batch`) VALUES
(1, '2014_10_12_000000_create_users_table', 1),
(2, '2014_10_12_100000_create_password_resets_table', 1),
(3, '2019_08_19_000000_create_failed_jobs_table', 1),
(4, '2020_10_13_163806_create_admins_table', 1),
(5, '2020_10_14_181530_create_configuracions_table', 1),
(6, '2020_12_08_170359_create_carrusels_table', 1),
(7, '2020_12_09_193424_create_politicas_table', 1),
(8, '2020_12_16_000636_create_faqs_table', 1),
(9, '2021_02_02_175759_create_seccions_table', 1),
(10, '2021_02_02_175823_create_elementos_table', 1),
(13, '2021_10_27_064531_create_categorias_table', 2),
(19, '2021_04_01_184932_create_productos_table', 3),
(20, '2021_04_02_200200_create_productos_photos_table', 3),
(24, '2022_07_18_203052_create_vacantes_table', 4);

-- --------------------------------------------------------

--
-- Estructura de tabla para la tabla `password_resets`
--

CREATE TABLE `password_resets` (
  `email` varchar(255) COLLATE utf8mb4_unicode_ci NOT NULL,
  `token` varchar(255) COLLATE utf8mb4_unicode_ci NOT NULL,
  `created_at` timestamp NULL DEFAULT NULL
) ENGINE=InnoDB DEFAULT CHARSET=utf8mb4 COLLATE=utf8mb4_unicode_ci;

-- --------------------------------------------------------

--
-- Estructura de tabla para la tabla `payments`
--

CREATE TABLE `payments` (
  `id` bigint(20) UNSIGNED NOT NULL,
  `created_at` timestamp NULL DEFAULT NULL,
  `updated_at` timestamp NULL DEFAULT NULL
) ENGINE=InnoDB DEFAULT CHARSET=utf8mb4 COLLATE=utf8mb4_unicode_ci;

-- --------------------------------------------------------

--
-- Estructura de tabla para la tabla `pedidos`
--

CREATE TABLE `pedidos` (
  `id` bigint(20) UNSIGNED NOT NULL,
  `uid` char(36) COLLATE utf8mb4_unicode_ci NOT NULL,
  `estatus` int(11) DEFAULT NULL,
  `guia` varchar(255) COLLATE utf8mb4_unicode_ci DEFAULT NULL,
  `linkguia` text COLLATE utf8mb4_unicode_ci,
  `domicilio` bigint(20) UNSIGNED NOT NULL,
  `factura` tinyint(1) DEFAULT NULL,
  `cantidad` int(11) NOT NULL,
  `importe` double(9,2) NOT NULL,
  `iva` double(9,2) NOT NULL,
  `total` double(9,2) NOT NULL,
  `envio` double(9,2) DEFAULT NULL,
  `comprobante` varchar(255) COLLATE utf8mb4_unicode_ci DEFAULT NULL,
  `cupon` varchar(255) COLLATE utf8mb4_unicode_ci DEFAULT NULL,
  `cancelado` tinyint(1) DEFAULT '0',
  `usuario` bigint(20) UNSIGNED NOT NULL,
  `data` text COLLATE utf8mb4_unicode_ci,
  `envia_resp` text COLLATE utf8mb4_unicode_ci,
  `deleted_at` timestamp NULL DEFAULT NULL,
  `created_at` timestamp NULL DEFAULT NULL,
  `updated_at` timestamp NULL DEFAULT NULL
) ENGINE=InnoDB DEFAULT CHARSET=utf8mb4 COLLATE=utf8mb4_unicode_ci;

-- --------------------------------------------------------

--
-- Estructura de tabla para la tabla `pedido_detalles`
--

CREATE TABLE `pedido_detalles` (
  `id` bigint(20) UNSIGNED NOT NULL,
  `cantidad` int(11) NOT NULL,
  `precio` double(9,2) NOT NULL,
  `importe` double(9,2) NOT NULL,
  `total` double(9,2) NOT NULL,
  `pedido` bigint(20) UNSIGNED NOT NULL,
  `producto` bigint(20) UNSIGNED NOT NULL,
  `color` bigint(20) UNSIGNED DEFAULT NULL,
  `log` text COLLATE utf8mb4_unicode_ci NOT NULL,
  `created_at` timestamp NULL DEFAULT NULL,
  `updated_at` timestamp NULL DEFAULT NULL
) ENGINE=InnoDB DEFAULT CHARSET=utf8mb4 COLLATE=utf8mb4_unicode_ci;

-- --------------------------------------------------------

--
-- Estructura de tabla para la tabla `politicas`
--

CREATE TABLE `politicas` (
  `id` bigint(20) UNSIGNED NOT NULL,
  `titulo` varchar(255) COLLATE utf8mb4_unicode_ci DEFAULT NULL,
  `descripcion` text COLLATE utf8mb4_unicode_ci,
  `archivo` varchar(255) COLLATE utf8mb4_unicode_ci DEFAULT NULL,
  `created_at` timestamp NULL DEFAULT NULL,
  `updated_at` timestamp NULL DEFAULT NULL
) ENGINE=InnoDB DEFAULT CHARSET=utf8mb4 COLLATE=utf8mb4_unicode_ci;

--
-- Volcado de datos para la tabla `politicas`
--

INSERT INTO `politicas` (`id`, `titulo`, `descripcion`, `archivo`, `created_at`, `updated_at`) VALUES
(1, 'aviso de privacidad', NULL, NULL, NULL, '2022-03-31 17:19:19'),
(2, 'metodos de pago', NULL, NULL, NULL, NULL),
(3, 'devoluciones', NULL, NULL, NULL, NULL),
(4, 'terminos y condiciones', NULL, NULL, NULL, NULL),
(5, 'garantias', NULL, NULL, NULL, NULL),
(6, 'politicas de envio', NULL, NULL, NULL, NULL);

-- --------------------------------------------------------

--
-- Estructura de tabla para la tabla `productos`
--

CREATE TABLE `productos` (
  `id` bigint(20) UNSIGNED NOT NULL,
  `nombre` varchar(255) COLLATE utf8mb4_unicode_ci NOT NULL,
  `descripcion` text COLLATE utf8mb4_unicode_ci,
  `categoria` int(11) DEFAULT NULL,
  `portada` varchar(255) COLLATE utf8mb4_unicode_ci DEFAULT NULL,
  `pdf` varchar(255) COLLATE utf8mb4_unicode_ci DEFAULT NULL,
  `inicio` tinyint(1) NOT NULL DEFAULT '0',
  `activo` tinyint(1) NOT NULL DEFAULT '1',
  `orden` int(11) NOT NULL DEFAULT '666',
  `created_at` timestamp NULL DEFAULT NULL,
  `updated_at` timestamp NULL DEFAULT NULL
) ENGINE=InnoDB DEFAULT CHARSET=utf8mb4 COLLATE=utf8mb4_unicode_ci;

--
-- Volcado de datos para la tabla `productos`
--

INSERT INTO `productos` (`id`, `nombre`, `descripcion`, `categoria`, `portada`, `pdf`, `inicio`, `activo`, `orden`, `created_at`, `updated_at`) VALUES
(19, 'Guardias especializados', '<p>Nuestros guardias de seguridad son producto de un estricto proceso, iniciando con est&aacute;ndares de selecci&oacute;n que supera los marcados por certificaciones internacionales como BASC e ISO, garantizando as&iacute; que los elementos contratados cuenten con las caracter&iacute;sticas &nbsp;necesarias para cubrir las necesidades de todos nuestros clientes.</p>\r\n<p>Para SEKTOR la capacitaci&oacute;n es esencial, por ello todos nuestros guardias de seguridad son capacitados desde el primer d&iacute;a que ingresan, reciben adem&aacute;s, revisiones y actualizaciones constantemente para cumplir siempre con las necesidades m&aacute;s estrictas de cada servicio.</p>\r\n<p>Nuestros elementos son reevaluados constante y peri&oacute;dicamente para verificar que no presenten desviaciones y se mantengan alineados con las pol&iacute;ticas y lineamientos internos establecidos para cada servicio.</p>\r\n<p>Todos nuestros guardias cuentan con soporte por medios tecnol&oacute;gicos, monitoreo dedicado y diversos tipos de controles aplicados, sabemos que cada cliente tiene necesidades espec&iacute;ficas por lo que nuestros especialistas ser&aacute;n de gran ayuda para identificar la mejor manera de proteger el patrimonio de nuestros clientes.</p>', NULL, NULL, NULL, 1, 1, 666, '2022-07-19 23:43:45', '2022-11-17 03:49:09'),
(21, 'Custodias de mercancía', '<p style=\"text-align: justify;\">Pasa SEKTOR custodiar el traslado de tu mercanc&iacute;as significa mucho m&aacute;s que simplemente \"acompa&ntilde;arlas\" durante el trayecto.</p>\r\n<p style=\"text-align: justify;\">Sabemos el valor, no s&oacute;lo econ&oacute;mico, sino estrat&eacute;gico y de oportunidad que tiene cada embarque; teniendo esto en cuenta desarrollamos estrategias de acuerdo a las caracter&iacute;sticas de cada servicio, implementando procesos operativos detallados para mantener la trazabilidad de la mercanc&iacute;a en todo momento, para ello contamos con sistemas tecnol&oacute;gicos de punta para el rastreo y monitoreo detallado de cada embarque.</p>\r\n<p style=\"text-align: justify;\">Mantenemos un monitoreo dedicado de cada custodia para detectar situaciones de riesgo y actuar de manera oportuna ante cada incidencia, manteniendo una constante comunicaci&oacute;n con clientes y autoridades desde nuestra central de monitoreo de &uacute;ltima generaci&oacute;n.</p>', NULL, NULL, NULL, 1, 1, 666, '2022-08-04 20:55:44', '2022-10-21 21:27:39'),
(22, 'Servicio de seguridad moviles', '<div>Nuestro servicio de seguridad m&oacute;vil es una excelente opci&oacute;n para peque&ntilde;os y medianos negocios, en este servicio un guardia de seguridad realiza patrullajes a un n&uacute;mero limitado de clientes, el guardia puede realizar m&uacute;ltiples consignas, desde prevenir el robo, verificar cierre de instalaciones y apagar sistemas de energ&iacute;a.</div>', NULL, NULL, NULL, 1, 1, 666, '2022-08-08 18:49:27', '2022-11-17 00:29:51'),
(23, 'Monitore de alarmas', '<p style=\"text-align: justify;\">Sektor es una empresa seria, comprometida y dedicada a la seguridad integral. Siete a&ntilde;os de experiencia nos respaldan.</p>\r\n<p style=\"text-align: justify;\">Pregunta por nuestros paquetes de monitoreo<br /><strong>Aproveche los beneficios que sektor le ofrece:</strong></p>\r\n<ul>\r\n<li style=\"text-align: justify;\">Contrataci&oacute;n de monitoreo de alarmas SIN plazos forzosos.&nbsp;</li>\r\n<li style=\"text-align: justify;\">Nuestra central de monitoreo se encuentra en <strong>GUADALAJARA</strong></li>\r\n<li style=\"text-align: justify;\">Contamos con la mejor y m&aacute;s avanzada tecnolog&iacute;a.</li>\r\n<li style=\"text-align: justify;\">Contamos con equipo de patrullaje propio.</li>\r\n<li style=\"text-align: justify;\">Ofrecemos equipos de alarma en comodato</li>\r\n<li style=\"text-align: justify;\">Nuestros sistemas de monitoreo trabajan bajo est&aacute;ndares de clase mundial.</li>\r\n</ul>', NULL, NULL, NULL, 1, 1, 666, '2022-08-08 23:51:20', '2022-11-17 00:33:08');

-- --------------------------------------------------------

--
-- Estructura de tabla para la tabla `productos_photos`
--

CREATE TABLE `productos_photos` (
  `id` bigint(20) UNSIGNED NOT NULL,
  `producto` bigint(20) UNSIGNED NOT NULL,
  `titulo` varchar(255) COLLATE utf8mb4_unicode_ci DEFAULT NULL,
  `image` varchar(255) COLLATE utf8mb4_unicode_ci DEFAULT NULL,
  `orden` int(11) NOT NULL DEFAULT '666'
) ENGINE=InnoDB DEFAULT CHARSET=utf8mb4 COLLATE=utf8mb4_unicode_ci;

--
-- Volcado de datos para la tabla `productos_photos`
--

INSERT INTO `productos_photos` (`id`, `producto`, `titulo`, `image`, `orden`) VALUES
(14, 19, NULL, '1vzHMEiCSrMSk9poMBXWxxTZKqVmrC.jpg', 666),
(16, 22, NULL, '8n55vmjIzHKpoWOcUux35afingnqZA.jpg', 666),
(17, 23, NULL, 'QlbB541AxzCEQt3GtQVcTSZHxNNPKR.jpg', 666),
(18, 21, NULL, 'Tmbn4wocnxS6vAFCYSxNqN1oqQY4WS.jpg', 666),
(19, 24, NULL, 'ZeUHxn65A5vq1liG0RIiyQEK9wnK33.jpg', 666),
(21, 25, NULL, 'v7CdsDroB49bSYSdblRHp3BSPmLyxP.jpg', 666),
(33, 19, NULL, 'QvQdPyE4TWADyZSdrbnbhObvNM47a4.jpg', 666),
(34, 19, NULL, 'ZIgHbxUkoMyJyGMYoIXK79dbdbF9Xc.jpg', 666),
(35, 19, NULL, '9BhI8hIA7BxH1YBtxKF5ijfFCPqwGU.jpg', 666),
(37, 21, NULL, 'V9rAxFS5QRUMcrqEYjmOLtiLRhH8JA.jpg', 666),
(38, 21, NULL, 'eD8yaW3whet2nlV2jOU42bo8gDhQgZ.jpg', 666),
(39, 21, NULL, 'WD4Pg42xTwCA6b1BBl3Urs2LlC2b0Q.jpg', 666),
(40, 22, NULL, 'cxGoJDtLDN9opAA1IQl9JrQGuYO9p0.jpg', 666),
(41, 22, NULL, 'v024JOAh6VvceMvasBui6BIS2lHgcK.jpg', 666),
(42, 23, NULL, 'YMy765RMsN2sCvJN9hFl3WFoxlJGZ7.jpg', 666),
(43, 23, NULL, 'gl9mEfOqg7VvjIqyvaE8QRPiejjVyM.jpg', 666);

-- --------------------------------------------------------

--
-- Estructura de tabla para la tabla `producto_presentacions`
--

CREATE TABLE `producto_presentacions` (
  `id` bigint(20) UNSIGNED NOT NULL,
  `tamanio` varchar(255) COLLATE utf8mb4_unicode_ci NOT NULL
) ENGINE=InnoDB DEFAULT CHARSET=utf8mb4 COLLATE=utf8mb4_unicode_ci;

-- --------------------------------------------------------

--
-- Estructura de tabla para la tabla `producto_relacions`
--

CREATE TABLE `producto_relacions` (
  `id` bigint(20) UNSIGNED NOT NULL,
  `producto` bigint(20) UNSIGNED NOT NULL,
  `otroProducto` bigint(20) UNSIGNED NOT NULL
) ENGINE=InnoDB DEFAULT CHARSET=utf8mb4 COLLATE=utf8mb4_unicode_ci;

--
-- Volcado de datos para la tabla `producto_relacions`
--

INSERT INTO `producto_relacions` (`id`, `producto`, `otroProducto`) VALUES
(1, 24, 21);

-- --------------------------------------------------------

--
-- Estructura de tabla para la tabla `producto_sizes`
--

CREATE TABLE `producto_sizes` (
  `id` bigint(20) UNSIGNED NOT NULL,
  `tamanio` varchar(255) COLLATE utf8mb4_unicode_ci NOT NULL
) ENGINE=InnoDB DEFAULT CHARSET=utf8mb4 COLLATE=utf8mb4_unicode_ci;

-- --------------------------------------------------------

--
-- Estructura de tabla para la tabla `producto_variantes`
--

CREATE TABLE `producto_variantes` (
  `id` bigint(20) UNSIGNED NOT NULL,
  `producto` bigint(20) UNSIGNED NOT NULL,
  `size` bigint(20) UNSIGNED NOT NULL,
  `presentacion` bigint(20) UNSIGNED NOT NULL,
  `stock` varchar(255) COLLATE utf8mb4_unicode_ci DEFAULT NULL,
  `precio` varchar(255) COLLATE utf8mb4_unicode_ci NOT NULL,
  `descuento` varchar(255) COLLATE utf8mb4_unicode_ci DEFAULT NULL,
  `activo` tinyint(1) NOT NULL DEFAULT '1',
  `orden` int(11) NOT NULL DEFAULT '666',
  `tipo_envio` varchar(255) COLLATE utf8mb4_unicode_ci DEFAULT NULL,
  `peso` varchar(255) COLLATE utf8mb4_unicode_ci DEFAULT NULL,
  `largo` varchar(255) COLLATE utf8mb4_unicode_ci DEFAULT NULL,
  `ancho` varchar(255) COLLATE utf8mb4_unicode_ci DEFAULT NULL,
  `alto` varchar(255) COLLATE utf8mb4_unicode_ci DEFAULT NULL
) ENGINE=InnoDB DEFAULT CHARSET=utf8mb4 COLLATE=utf8mb4_unicode_ci;

-- --------------------------------------------------------

--
-- Estructura de tabla para la tabla `seccions`
--

CREATE TABLE `seccions` (
  `id` bigint(20) UNSIGNED NOT NULL,
  `seccion` varchar(255) COLLATE utf8mb4_unicode_ci NOT NULL,
  `portada` varchar(255) COLLATE utf8mb4_unicode_ci DEFAULT NULL,
  `slug` varchar(255) COLLATE utf8mb4_unicode_ci NOT NULL
) ENGINE=InnoDB DEFAULT CHARSET=utf8mb4 COLLATE=utf8mb4_unicode_ci;

--
-- Volcado de datos para la tabla `seccions`
--

INSERT INTO `seccions` (`id`, `seccion`, `portada`, `slug`) VALUES
(1, 'inicio', NULL, 'index'),
(2, 'servicios', NULL, 'services'),
(3, 'soluciones', NULL, 'solutios'),
(4, 'vacantes', NULL, 'vacant'),
(5, 'nosotros', NULL, 'about-us'),
(6, 'contacto', NULL, 'contact');

-- --------------------------------------------------------

--
-- Estructura de tabla para la tabla `servicios`
--

CREATE TABLE `servicios` (
  `id` bigint(20) UNSIGNED NOT NULL,
  `nombre` varchar(255) COLLATE utf8mb4_unicode_ci NOT NULL,
  `descripcion` text COLLATE utf8mb4_unicode_ci,
  `inicio` tinyint(1) NOT NULL DEFAULT '0',
  `activo` tinyint(1) NOT NULL DEFAULT '1',
  `orden` int(11) NOT NULL DEFAULT '666',
  `created_at` timestamp NULL DEFAULT NULL,
  `updated_at` timestamp NULL DEFAULT NULL
) ENGINE=InnoDB DEFAULT CHARSET=utf8mb4 COLLATE=utf8mb4_unicode_ci;

-- --------------------------------------------------------

--
-- Estructura de tabla para la tabla `servicios_photos`
--

CREATE TABLE `servicios_photos` (
  `id` bigint(20) UNSIGNED NOT NULL,
  `servicio` bigint(20) UNSIGNED NOT NULL,
  `titulo` varchar(255) COLLATE utf8mb4_unicode_ci DEFAULT NULL,
  `image` varchar(255) COLLATE utf8mb4_unicode_ci DEFAULT NULL,
  `orden` int(11) NOT NULL DEFAULT '666'
) ENGINE=InnoDB DEFAULT CHARSET=utf8mb4 COLLATE=utf8mb4_unicode_ci;

-- --------------------------------------------------------

--
-- Estructura de tabla para la tabla `users`
--

CREATE TABLE `users` (
  `id` bigint(20) UNSIGNED NOT NULL,
  `name` varchar(255) COLLATE utf8mb4_unicode_ci DEFAULT NULL,
  `lastname` varchar(255) COLLATE utf8mb4_unicode_ci DEFAULT NULL,
  `username` varchar(255) COLLATE utf8mb4_unicode_ci DEFAULT NULL,
  `email` varchar(255) COLLATE utf8mb4_unicode_ci NOT NULL,
  `email_verified_at` timestamp NULL DEFAULT NULL,
  `telefono` varchar(255) COLLATE utf8mb4_unicode_ci DEFAULT NULL,
  `facebook` varchar(255) COLLATE utf8mb4_unicode_ci DEFAULT NULL,
  `empresa` varchar(255) COLLATE utf8mb4_unicode_ci DEFAULT NULL,
  `avatar` varchar(255) COLLATE utf8mb4_unicode_ci DEFAULT NULL,
  `rfc` varchar(255) COLLATE utf8mb4_unicode_ci DEFAULT NULL,
  `nivel` tinyint(4) NOT NULL DEFAULT '0',
  `puntos` int(11) NOT NULL,
  `distr_code` varchar(255) COLLATE utf8mb4_unicode_ci NOT NULL,
  `referido_by` varchar(255) COLLATE utf8mb4_unicode_ci DEFAULT NULL,
  `distribuidor` tinyint(1) NOT NULL DEFAULT '0',
  `profile` varchar(255) COLLATE utf8mb4_unicode_ci DEFAULT NULL,
  `activo` tinyint(1) NOT NULL DEFAULT '1',
  `role` int(11) DEFAULT NULL,
  `password` varchar(255) COLLATE utf8mb4_unicode_ci NOT NULL,
  `remember_token` varchar(100) COLLATE utf8mb4_unicode_ci DEFAULT NULL,
  `created_at` timestamp NULL DEFAULT NULL,
  `updated_at` timestamp NULL DEFAULT NULL,
  `deleted_at` timestamp NULL DEFAULT NULL
) ENGINE=InnoDB DEFAULT CHARSET=utf8mb4 COLLATE=utf8mb4_unicode_ci;

--
-- Volcado de datos para la tabla `users`
--

INSERT INTO `users` (`id`, `name`, `lastname`, `username`, `email`, `email_verified_at`, `telefono`, `facebook`, `empresa`, `avatar`, `rfc`, `nivel`, `puntos`, `distr_code`, `referido_by`, `distribuidor`, `profile`, `activo`, `role`, `password`, `remember_token`, `created_at`, `updated_at`, `deleted_at`) VALUES
(1, 'yahir', 'lopez', '', 'yahir@wozial.com', NULL, NULL, NULL, NULL, NULL, NULL, 0, 0, '', NULL, 0, NULL, 1, NULL, '$2y$10$ixFvI1ajnMzpjT8EhK0KsOzC/I8X5prS5vUZLKCsh2eOf7zllQPim', NULL, '2022-02-28 18:49:39', '2022-02-28 23:10:39', NULL);

-- --------------------------------------------------------

--
-- Estructura de tabla para la tabla `vacantes`
--

CREATE TABLE `vacantes` (
  `id` bigint(20) UNSIGNED NOT NULL,
  `portada` varchar(255) COLLATE utf8mb4_unicode_ci DEFAULT NULL,
  `titulo` varchar(255) COLLATE utf8mb4_unicode_ci NOT NULL,
  `subtitulo` varchar(255) COLLATE utf8mb4_unicode_ci DEFAULT NULL,
  `oferta` text COLLATE utf8mb4_unicode_ci NOT NULL,
  `requisitos` text COLLATE utf8mb4_unicode_ci NOT NULL,
  `vacantesdisp` varchar(255) COLLATE utf8mb4_unicode_ci NOT NULL,
  `salario` varchar(255) COLLATE utf8mb4_unicode_ci NOT NULL,
  `inicio` tinyint(1) NOT NULL DEFAULT '0',
  `activo` tinyint(1) NOT NULL DEFAULT '1',
  `orden` int(11) NOT NULL DEFAULT '666',
  `created_at` timestamp NULL DEFAULT NULL,
  `updated_at` timestamp NULL DEFAULT NULL
) ENGINE=InnoDB DEFAULT CHARSET=utf8mb4 COLLATE=utf8mb4_unicode_ci;

--
-- Volcado de datos para la tabla `vacantes`
--

INSERT INTO `vacantes` (`id`, `portada`, `titulo`, `subtitulo`, `oferta`, `requisitos`, `vacantesdisp`, `salario`, `inicio`, `activo`, `orden`, `created_at`, `updated_at`) VALUES
(1, 'zlidnodXw0kt1bD9KLmjVE4uyZGl9d.jpg', 'Guardia de Seguridad', 'Excelente oportunidad', '<ul>\r\n<li>TURNOS DE 8HRS</li>\r\n<li>TRANSPORTE Y COMEDOR</li>\r\n<li>PAGO QUINCENAL BANORTE</li>\r\n<li>UNIFORMES SIN COSTO</li>\r\n<li>SEGURO SOCIAL DESDE EL PRIMER DIA</li>\r\n<li>PRESTACIONES DE LEY</li>\r\n</ul>', '20 a 55 años; Secundaria terminada; Disponibilidad de horario; Documentación básica', '5', '$8,000 a $9,500', 0, 1, 666, NULL, '2022-11-17 23:13:41'),
(2, 'vCxiroFkU4gNJrjoVNoY2nRkfdZmIN.jpg', 'Custodio Carretero', 'Sueldo base mas comisiones', '<div>\r\n<p><strong>PAGO: SUELDO BASE MAS COMISIONES POR KM. BANORTE.</strong><strong>&nbsp;<br /></strong><strong>PRESTACIONES DE LEY </strong></p>\r\n</div>', '24 a 45 años; Secundaria o preparatoria terminada; Conocimiento en carreteras federales; Licencia de chofer vigente; Manejar STD ; Cartilla o Pre cartilla; Disponibilidad de horario; Estable', '5', 'Base mas comisiones', 0, 1, 666, '2022-07-21 00:04:40', '2022-10-21 21:49:28'),
(4, 'xtuLYDKWRo8Hgq0wBohEV0IyEhN2e6.jpg', 'Monitoristas', '$9000 - $10000000 libres', '<div>\r\n<p><strong>PAGO QUINCENAL NOMINA BANORTE<br /></strong><strong>ESTABILIDAD LABORAL.<br /></strong><strong>PRESTACIONES DE LEY<br /></strong><strong>$9,000 MENSUAL</strong></p>\r\n</div>', '24 a 45 años; Preparatoria terminada; Disponibilidad de horarias; Experiencia CCTV y/o GPS; Atención al cliente; Estable', '5', '$9,000', 0, 1, 666, '2022-07-21 00:06:48', '2022-10-21 21:50:13'),
(5, 'byftULI9aK8jZqwU2p8fqjvpFF9r0u.jpg', 'Técnico Instalador', '$9000 - $10000000 libres', '<div>\r\n<p><strong>*BASE MAS COMISIONES </strong></p>\r\n<p><strong>*PAGO QUINCENAL NOMINA BANORTE</strong></p>\r\n<p><strong>*PRESTACIONES DE LEY</strong></p>\r\n<p><strong>*CONOCIMIENTO DE LA CIUDAD </strong></p>\r\n<p><strong>*LIC. DE CHOFER VIGENTE, MANEJAR STD</strong></p>\r\n</div>', '24 a 45 años; Preparatoria y/o carrera técnica  en electrónica y/o a fin; Experiencia comprobable; Manejo de herramientas manuales; Manejo de computadora', '5', 'Sueldo base más comisiones', 0, 1, 666, '2022-07-21 00:08:12', '2022-10-21 21:53:57'),
(6, 'x8DstmATXRfYZIFzSJZjYNmA3JeQOy.jpg', 'Supervisor de guardias', 'Sueldo atractivo', '<div>\r\n<p><strong>SUELDO COMPETITIVO<br /></strong><strong>PAGO QUINCENAL NOMINA BANORTE<br /></strong><strong>PRESTACIONES DE LEY<br /></strong><strong>BONOS POR DESEMPE&Ntilde;O</strong></p>\r\n</div>', '25 a 48 años; Preparatoria terminada; Disponibilidad de horario; Paquete office; Licencia de chofer vigente; Manejo de STD; Cursos básicos de seguridad privada; Experiencia en manejo de personal', '5', 'Sueldo atractivo', 0, 1, 666, '2022-08-08 18:55:52', '2022-10-21 21:54:33'),
(9, 'JRtZYCWEpzphBCdtnpYGKUmqfV3bQp.jpg', 'Asesor Comercial', 'Excelente esquema de comisiones', '<div>turno de 8 Horas</div>\r\n<div>Comisiones por ventas</div>\r\n<div>&nbsp;</div>', 'Excelente presentación; Pro activo; Vehículo Propio', '3', '$8000 a $20000', 0, 0, 666, '2022-11-17 23:06:01', '2022-11-17 23:06:31');

--
-- Índices para tablas volcadas
--

--
-- Indices de la tabla `carrusels`
--
ALTER TABLE `carrusels`
  ADD PRIMARY KEY (`id`);

--
-- Indices de la tabla `configuracions`
--
ALTER TABLE `configuracions`
  ADD PRIMARY KEY (`id`);

--
-- Indices de la tabla `domicilios`
--
ALTER TABLE `domicilios`
  ADD PRIMARY KEY (`id`),
  ADD KEY `domicilios_user_foreign` (`user`);

--
-- Indices de la tabla `elementos`
--
ALTER TABLE `elementos`
  ADD PRIMARY KEY (`id`),
  ADD KEY `elementos_seccion_foreign` (`seccion`);

--
-- Indices de la tabla `productos`
--
ALTER TABLE `productos`
  ADD PRIMARY KEY (`id`);

--
-- Indices de la tabla `productos_photos`
--
ALTER TABLE `productos_photos`
  ADD PRIMARY KEY (`id`);

--
-- Indices de la tabla `producto_relacions`
--
ALTER TABLE `producto_relacions`
  ADD PRIMARY KEY (`id`);

--
-- Indices de la tabla `vacantes`
--
ALTER TABLE `vacantes`
  ADD PRIMARY KEY (`id`);

--
-- AUTO_INCREMENT de las tablas volcadas
--

--
-- AUTO_INCREMENT de la tabla `productos`
--
ALTER TABLE `productos`
  MODIFY `id` bigint(20) UNSIGNED NOT NULL AUTO_INCREMENT, AUTO_INCREMENT=26;

--
-- AUTO_INCREMENT de la tabla `productos_photos`
--
ALTER TABLE `productos_photos`
  MODIFY `id` bigint(20) UNSIGNED NOT NULL AUTO_INCREMENT, AUTO_INCREMENT=44;

--
-- AUTO_INCREMENT de la tabla `producto_relacions`
--
ALTER TABLE `producto_relacions`
  MODIFY `id` bigint(20) UNSIGNED NOT NULL AUTO_INCREMENT, AUTO_INCREMENT=2;

--
-- AUTO_INCREMENT de la tabla `vacantes`
--
ALTER TABLE `vacantes`
  MODIFY `id` bigint(20) UNSIGNED NOT NULL AUTO_INCREMENT, AUTO_INCREMENT=10;
COMMIT;

/*!40101 SET CHARACTER_SET_CLIENT=@OLD_CHARACTER_SET_CLIENT */;
/*!40101 SET CHARACTER_SET_RESULTS=@OLD_CHARACTER_SET_RESULTS */;
/*!40101 SET COLLATION_CONNECTION=@OLD_COLLATION_CONNECTION */;
